N,D,Mean CaMKII,Std CaMKII
9,1e-16,7.337039610840861,3.056286403478069
9,1.000000000000004e-15,7.860319666435024,3.4810041697546854
9,3.000000000000001e-15,9.607366226546212,3.6600848254939944
9,4.999999999999999e-15,10.608756080611537,3.6325998356463187
9,1e-14,12.489923558026407,3.3581245688019012
9,5.00000000000002e-14,15.329395413481585,2.3050638538667143
9,1.0000000000000041e-13,15.968728283530229,1.987380753763622
