x_OFF,transitions_OFF,KramerON_OFF,x_ON,transitions_ON,KramerON_ON
10.0,183,0.005483220765752758,10.0,6003,0.14323735141050428
2.0,736,0.04443521090000631,2.0,6968,0.5474754325668012
1.0,1313,0.11445203382640846,1.0,4696,0.6857353505412909
0.5,2181,0.3005852433942381,0.5,2904,0.8392556940137118
0.2,2270,0.5978174755888169,0.2,1952,0.9062956633655459
0.1,1888,0.7610230098512788,0.1,1491,0.9235022705452954
0.05,1497,0.8410068524345211,0.05,1439,0.8965207734495216
0.03333333333333333,909,0.886272503629921,0.03333333333333333,1285,0.9364310974717
